model,model_backend,model_family,fold,train_positive_count,valid_positive_count,train_sample_count,valid_sample_count,train_label_histogram,valid_label_histogram,valid_confusion,valid_accuracy,valid_kappa,valid_metrics
RandomForest,earth_engine,random_forest,0,226,31,400,400,"{""0"": 200, ""1"": 200}","{""0"": 200, ""1"": 200}","[[157, 43], [16, 184]]",0.8525,0.7050000000000001,"{""threshold"": 0.5, ""sample_count"": 400, ""positive_count"": 200, ""negative_count"": 200, ""true_positive"": 184, ""true_negative"": 157, ""false_positive"": 43, ""false_negative"": 16, ""accuracy"": 0.8525, ""precision"": 0.8105726872246696, ""recall"": 0.92, ""sensitivity"": 0.92, ""specificity"": 0.785, ""f1"": 0.8618266978922717, ""balanced_accuracy"": 0.8525, ""negative_predictive_value"": 0.9075144508670521, ""false_positive_rate"": 0.21499999999999997, ""false_negative_rate"": 0.07999999999999996, ""roc_auc"": 0.92765, ""pr_auc"": 0.9173428958065527, ""average_precision"": 0.9173428958065527}"
RandomForest,earth_engine,random_forest,1,191,66,400,400,"{""0"": 200, ""1"": 200}","{""0"": 200, ""1"": 200}","[[169, 31], [49, 151]]",0.8,0.6000000000000001,"{""threshold"": 0.5, ""sample_count"": 400, ""positive_count"": 200, ""negative_count"": 200, ""true_positive"": 151, ""true_negative"": 169, ""false_positive"": 31, ""false_negative"": 49, ""accuracy"": 0.8, ""precision"": 0.8296703296703297, ""recall"": 0.755, ""sensitivity"": 0.755, ""specificity"": 0.845, ""f1"": 0.7905759162303665, ""balanced_accuracy"": 0.8, ""negative_predictive_value"": 0.7752293577981652, ""false_positive_rate"": 0.15500000000000003, ""false_negative_rate"": 0.245, ""roc_auc"": 0.866625, ""pr_auc"": 0.8680325141023916, ""average_precision"": 0.8680325141023916}"
RandomForest,earth_engine,random_forest,2,207,50,400,400,"{""0"": 200, ""1"": 200}","{""0"": 200, ""1"": 200}","[[179, 21], [40, 160]]",0.8475,0.6950000000000001,"{""threshold"": 0.5, ""sample_count"": 400, ""positive_count"": 200, ""negative_count"": 200, ""true_positive"": 160, ""true_negative"": 179, ""false_positive"": 21, ""false_negative"": 40, ""accuracy"": 0.8475, ""precision"": 0.8839779005524862, ""recall"": 0.8, ""sensitivity"": 0.8, ""specificity"": 0.895, ""f1"": 0.8398950131233596, ""balanced_accuracy"": 0.8475, ""negative_predictive_value"": 0.817351598173516, ""false_positive_rate"": 0.10499999999999998, ""false_negative_rate"": 0.19999999999999996, ""roc_auc"": 0.936375, ""pr_auc"": 0.92609394118379, ""average_precision"": 0.92609394118379}"
RandomForest,earth_engine,random_forest,3,197,60,400,400,"{""0"": 200, ""1"": 200}","{""0"": 200, ""1"": 200}","[[165, 35], [48, 152]]",0.7925,0.585,"{""threshold"": 0.5, ""sample_count"": 400, ""positive_count"": 200, ""negative_count"": 200, ""true_positive"": 152, ""true_negative"": 165, ""false_positive"": 35, ""false_negative"": 48, ""accuracy"": 0.7925, ""precision"": 0.8128342245989305, ""recall"": 0.76, ""sensitivity"": 0.76, ""specificity"": 0.825, ""f1"": 0.785529715762274, ""balanced_accuracy"": 0.7925, ""negative_predictive_value"": 0.7746478873239436, ""false_positive_rate"": 0.17500000000000004, ""false_negative_rate"": 0.24, ""roc_auc"": 0.86515, ""pr_auc"": 0.847523991835201, ""average_precision"": 0.847523991835201}"
RandomForest,earth_engine,random_forest,4,207,50,400,400,"{""0"": 200, ""1"": 200}","{""0"": 200, ""1"": 200}","[[174, 26], [25, 175]]",0.8725,0.7450000000000001,"{""threshold"": 0.5, ""sample_count"": 400, ""positive_count"": 200, ""negative_count"": 200, ""true_positive"": 175, ""true_negative"": 174, ""false_positive"": 26, ""false_negative"": 25, ""accuracy"": 0.8725, ""precision"": 0.8706467661691543, ""recall"": 0.875, ""sensitivity"": 0.875, ""specificity"": 0.87, ""f1"": 0.8728179551122195, ""balanced_accuracy"": 0.8725, ""negative_predictive_value"": 0.8743718592964824, ""false_positive_rate"": 0.13, ""false_negative_rate"": 0.125, ""roc_auc"": 0.9485, ""pr_auc"": 0.9366425337109284, ""average_precision"": 0.9366425337109284}"
GradientTreeBoost,earth_engine,gradient_tree_boost,0,226,31,400,400,"{""0"": 200, ""1"": 200}","{""0"": 200, ""1"": 200}","[[162, 38], [22, 178]]",0.8575,0.7,"{""threshold"": 0.5, ""sample_count"": 400, ""positive_count"": 200, ""negative_count"": 200, ""true_positive"": 178, ""true_negative"": 165, ""false_positive"": 35, ""false_negative"": 22, ""accuracy"": 0.8575, ""precision"": 0.8356807511737089, ""recall"": 0.89, ""sensitivity"": 0.89, ""specificity"": 0.825, ""f1"": 0.8619854721549637, ""balanced_accuracy"": 0.8574999999999999, ""negative_predictive_value"": 0.8823529411764706, ""false_positive_rate"": 0.17500000000000004, ""false_negative_rate"": 0.10999999999999999, ""roc_auc"": 0.916075, ""pr_auc"": 0.9062408080140102, ""average_precision"": 0.9062408080140102}"
GradientTreeBoost,earth_engine,gradient_tree_boost,1,191,66,400,400,"{""0"": 200, ""1"": 200}","{""0"": 200, ""1"": 200}","[[163, 37], [56, 144]]",0.7675,0.5549999999999999,"{""threshold"": 0.5, ""sample_count"": 400, ""positive_count"": 200, ""negative_count"": 200, ""true_positive"": 144, ""true_negative"": 163, ""false_positive"": 37, ""false_negative"": 56, ""accuracy"": 0.7675, ""precision"": 0.7955801104972375, ""recall"": 0.72, ""sensitivity"": 0.72, ""specificity"": 0.815, ""f1"": 0.7559055118110236, ""balanced_accuracy"": 0.7675, ""negative_predictive_value"": 0.7442922374429224, ""false_positive_rate"": 0.18500000000000005, ""false_negative_rate"": 0.28, ""roc_auc"": 0.857725, ""pr_auc"": 0.8651518982721909, ""average_precision"": 0.8651518982721909}"
GradientTreeBoost,earth_engine,gradient_tree_boost,2,207,50,400,400,"{""0"": 200, ""1"": 200}","{""0"": 200, ""1"": 200}","[[178, 22], [30, 170]]",0.87,0.74,"{""threshold"": 0.5, ""sample_count"": 400, ""positive_count"": 200, ""negative_count"": 200, ""true_positive"": 170, ""true_negative"": 178, ""false_positive"": 22, ""false_negative"": 30, ""accuracy"": 0.87, ""precision"": 0.8854166666666666, ""recall"": 0.85, ""sensitivity"": 0.85, ""specificity"": 0.89, ""f1"": 0.8673469387755102, ""balanced_accuracy"": 0.87, ""negative_predictive_value"": 0.8557692307692307, ""false_positive_rate"": 0.10999999999999999, ""false_negative_rate"": 0.15000000000000002, ""roc_auc"": 0.93855, ""pr_auc"": 0.9223285472308999, ""average_precision"": 0.9223285472308999}"
GradientTreeBoost,earth_engine,gradient_tree_boost,3,197,60,400,400,"{""0"": 200, ""1"": 200}","{""0"": 200, ""1"": 200}","[[160, 40], [38, 162]]",0.8025,0.6100000000000001,"{""threshold"": 0.5, ""sample_count"": 400, ""positive_count"": 200, ""negative_count"": 200, ""true_positive"": 162, ""true_negative"": 160, ""false_positive"": 40, ""false_negative"": 38, ""accuracy"": 0.805, ""precision"": 0.801980198019802, ""recall"": 0.81, ""sensitivity"": 0.81, ""specificity"": 0.8, ""f1"": 0.8059701492537314, ""balanced_accuracy"": 0.805, ""negative_predictive_value"": 0.8080808080808081, ""false_positive_rate"": 0.19999999999999996, ""false_negative_rate"": 0.18999999999999995, ""roc_auc"": 0.872625, ""pr_auc"": 0.8445011508652412, ""average_precision"": 0.8445011508652412}"
GradientTreeBoost,earth_engine,gradient_tree_boost,4,207,50,400,400,"{""0"": 200, ""1"": 200}","{""0"": 200, ""1"": 200}","[[180, 20], [19, 181]]",0.9025,0.8049999999999999,"{""threshold"": 0.5, ""sample_count"": 400, ""positive_count"": 200, ""negative_count"": 200, ""true_positive"": 181, ""true_negative"": 180, ""false_positive"": 20, ""false_negative"": 19, ""accuracy"": 0.9025, ""precision"": 0.900497512437811, ""recall"": 0.905, ""sensitivity"": 0.905, ""specificity"": 0.9, ""f1"": 0.9027431421446384, ""balanced_accuracy"": 0.9025000000000001, ""negative_predictive_value"": 0.9045226130653267, ""false_positive_rate"": 0.09999999999999998, ""false_negative_rate"": 0.09499999999999997, ""roc_auc"": 0.963075, ""pr_auc"": 0.956709377691101, ""average_precision"": 0.956709377691101}"
XGBoost,local,xgboost,0,226,31,400,400,"{""0"": 200, ""1"": 200}","{""0"": 200, ""1"": 200}","[[163, 37], [18, 182]]",0.8625,0.7250000000000001,"{""threshold"": 0.5, ""sample_count"": 400, ""positive_count"": 200, ""negative_count"": 200, ""true_positive"": 182, ""true_negative"": 163, ""false_positive"": 37, ""false_negative"": 18, ""accuracy"": 0.8625, ""precision"": 0.8310502283105022, ""recall"": 0.91, ""sensitivity"": 0.91, ""specificity"": 0.815, ""f1"": 0.8687350835322195, ""balanced_accuracy"": 0.8625, ""negative_predictive_value"": 0.9005524861878453, ""false_positive_rate"": 0.18500000000000005, ""false_negative_rate"": 0.08999999999999997, ""roc_auc"": 0.93615, ""pr_auc"": 0.924777210141373, ""average_precision"": 0.924777210141373}"
XGBoost,local,xgboost,1,191,66,400,400,"{""0"": 200, ""1"": 200}","{""0"": 200, ""1"": 200}","[[163, 37], [46, 154]]",0.7925,0.585,"{""threshold"": 0.5, ""sample_count"": 400, ""positive_count"": 200, ""negative_count"": 200, ""true_positive"": 154, ""true_negative"": 163, ""false_positive"": 37, ""false_negative"": 46, ""accuracy"": 0.7925, ""precision"": 0.806282722513089, ""recall"": 0.77, ""sensitivity"": 0.77, ""specificity"": 0.815, ""f1"": 0.7877237851662405, ""balanced_accuracy"": 0.7925, ""negative_predictive_value"": 0.7799043062200957, ""false_positive_rate"": 0.18500000000000005, ""false_negative_rate"": 0.22999999999999998, ""roc_auc"": 0.876875, ""pr_auc"": 0.8798004661339239, ""average_precision"": 0.8798004661339239}"
XGBoost,local,xgboost,2,207,50,400,400,"{""0"": 200, ""1"": 200}","{""0"": 200, ""1"": 200}","[[175, 25], [28, 172]]",0.8675,0.7350000000000001,"{""threshold"": 0.5, ""sample_count"": 400, ""positive_count"": 200, ""negative_count"": 200, ""true_positive"": 172, ""true_negative"": 175, ""false_positive"": 25, ""false_negative"": 28, ""accuracy"": 0.8675, ""precision"": 0.8730964467005076, ""recall"": 0.86, ""sensitivity"": 0.86, ""specificity"": 0.875, ""f1"": 0.8664987405541562, ""balanced_accuracy"": 0.8674999999999999, ""negative_predictive_value"": 0.8620689655172413, ""false_positive_rate"": 0.125, ""false_negative_rate"": 0.14, ""roc_auc"": 0.94245, ""pr_auc"": 0.9177684586439595, ""average_precision"": 0.9177684586439595}"
XGBoost,local,xgboost,3,197,60,400,400,"{""0"": 200, ""1"": 200}","{""0"": 200, ""1"": 200}","[[156, 44], [34, 166]]",0.805,0.6100000000000001,"{""threshold"": 0.5, ""sample_count"": 400, ""positive_count"": 200, ""negative_count"": 200, ""true_positive"": 166, ""true_negative"": 156, ""false_positive"": 44, ""false_negative"": 34, ""accuracy"": 0.805, ""precision"": 0.7904761904761904, ""recall"": 0.83, ""sensitivity"": 0.83, ""specificity"": 0.78, ""f1"": 0.8097560975609757, ""balanced_accuracy"": 0.8049999999999999, ""negative_predictive_value"": 0.8210526315789474, ""false_positive_rate"": 0.21999999999999997, ""false_negative_rate"": 0.17000000000000004, ""roc_auc"": 0.881925, ""pr_auc"": 0.8643703966728264, ""average_precision"": 0.8643703966728264}"
XGBoost,local,xgboost,4,207,50,400,400,"{""0"": 200, ""1"": 200}","{""0"": 200, ""1"": 200}","[[176, 24], [20, 180]]",0.89,0.78,"{""threshold"": 0.5, ""sample_count"": 400, ""positive_count"": 200, ""negative_count"": 200, ""true_positive"": 180, ""true_negative"": 176, ""false_positive"": 24, ""false_negative"": 20, ""accuracy"": 0.89, ""precision"": 0.8823529411764706, ""recall"": 0.9, ""sensitivity"": 0.9, ""specificity"": 0.88, ""f1"": 0.8910891089108911, ""balanced_accuracy"": 0.89, ""negative_predictive_value"": 0.8979591836734694, ""false_positive_rate"": 0.12, ""false_negative_rate"": 0.09999999999999998, ""roc_auc"": 0.96325, ""pr_auc"": 0.9626204909546213, ""average_precision"": 0.9626204909546213}"
LightGBM,local,lightgbm,0,226,31,400,400,"{""0"": 200, ""1"": 200}","{""0"": 200, ""1"": 200}","[[161, 39], [21, 179]]",0.85,0.7,"{""threshold"": 0.5, ""sample_count"": 400, ""positive_count"": 200, ""negative_count"": 200, ""true_positive"": 179, ""true_negative"": 161, ""false_positive"": 39, ""false_negative"": 21, ""accuracy"": 0.85, ""precision"": 0.8211009174311926, ""recall"": 0.895, ""sensitivity"": 0.895, ""specificity"": 0.805, ""f1"": 0.8564593301435406, ""balanced_accuracy"": 0.8500000000000001, ""negative_predictive_value"": 0.8846153846153846, ""false_positive_rate"": 0.19499999999999995, ""false_negative_rate"": 0.10499999999999998, ""roc_auc"": 0.9386, ""pr_auc"": 0.9350168775089319, ""average_precision"": 0.9350168775089319}"
LightGBM,local,lightgbm,1,191,66,400,400,"{""0"": 200, ""1"": 200}","{""0"": 200, ""1"": 200}","[[162, 38], [50, 150]]",0.78,0.56,"{""threshold"": 0.5, ""sample_count"": 400, ""positive_count"": 200, ""negative_count"": 200, ""true_positive"": 150, ""true_negative"": 162, ""false_positive"": 38, ""false_negative"": 50, ""accuracy"": 0.78, ""precision"": 0.7978723404255319, ""recall"": 0.75, ""sensitivity"": 0.75, ""specificity"": 0.81, ""f1"": 0.7731958762886597, ""balanced_accuracy"": 0.78, ""negative_predictive_value"": 0.7641509433962265, ""false_positive_rate"": 0.18999999999999995, ""false_negative_rate"": 0.25, ""roc_auc"": 0.87005, ""pr_auc"": 0.8775800908321735, ""average_precision"": 0.8775800908321735}"
LightGBM,local,lightgbm,2,207,50,400,400,"{""0"": 200, ""1"": 200}","{""0"": 200, ""1"": 200}","[[177, 23], [30, 170]]",0.8675,0.7350000000000001,"{""threshold"": 0.5, ""sample_count"": 400, ""positive_count"": 200, ""negative_count"": 200, ""true_positive"": 170, ""true_negative"": 177, ""false_positive"": 23, ""false_negative"": 30, ""accuracy"": 0.8675, ""precision"": 0.8808290155440415, ""recall"": 0.85, ""sensitivity"": 0.85, ""specificity"": 0.885, ""f1"": 0.8651399491094147, ""balanced_accuracy"": 0.8674999999999999, ""negative_predictive_value"": 0.855072463768116, ""false_positive_rate"": 0.11499999999999999, ""false_negative_rate"": 0.15000000000000002, ""roc_auc"": 0.938325, ""pr_auc"": 0.9151948363993324, ""average_precision"": 0.9151948363993324}"
LightGBM,local,lightgbm,3,197,60,400,400,"{""0"": 200, ""1"": 200}","{""0"": 200, ""1"": 200}","[[158, 42], [41, 159]]",0.7925,0.585,"{""threshold"": 0.5, ""sample_count"": 400, ""positive_count"": 200, ""negative_count"": 200, ""true_positive"": 159, ""true_negative"": 158, ""false_positive"": 42, ""false_negative"": 41, ""accuracy"": 0.7925, ""precision"": 0.7910447761194029, ""recall"": 0.795, ""sensitivity"": 0.795, ""specificity"": 0.79, ""f1"": 0.7930174563591023, ""balanced_accuracy"": 0.7925, ""negative_predictive_value"": 0.7939698492462312, ""false_positive_rate"": 0.20999999999999996, ""false_negative_rate"": 0.20499999999999996, ""roc_auc"": 0.8763, ""pr_auc"": 0.8518678642361476, ""average_precision"": 0.8518678642361476}"
LightGBM,local,lightgbm,4,207,50,400,400,"{""0"": 200, ""1"": 200}","{""0"": 200, ""1"": 200}","[[179, 21], [21, 179]]",0.895,0.79,"{""threshold"": 0.5, ""sample_count"": 400, ""positive_count"": 200, ""negative_count"": 200, ""true_positive"": 179, ""true_negative"": 179, ""false_positive"": 21, ""false_negative"": 21, ""accuracy"": 0.895, ""precision"": 0.895, ""recall"": 0.895, ""sensitivity"": 0.895, ""specificity"": 0.895, ""f1"": 0.895, ""balanced_accuracy"": 0.895, ""negative_predictive_value"": 0.895, ""false_positive_rate"": 0.10499999999999998, ""false_negative_rate"": 0.10499999999999998, ""roc_auc"": 0.9658, ""pr_auc"": 0.9661945742858313, ""average_precision"": 0.9661945742858313}"
